{
    "status": "success",
    "metadata": {
        "timestamp": "2025-10-16T14:15:02.267494",
        "iterations": 8
    },
    "optimized_setpoints": {
        "p": [
            45997.658200462305
        ],
        "q": [
            -2963.9346271567356
        ]
    },
    "network_states": {
        "voltages": [
            0.9999994551273013,
            1.003249833554603,
            1.049999999854938
        ],
        "line_loading": [
            0.9990441551473737
        ],
        "transformer_loading": [
            0.8660254037014834
        ]
    },
    "iterates": [
        {
            "iteration": 0,
            "setpoints": {
                "p": [
                    60000.0
                ],
                "q": [
                    0.0
                ]
            },
            "network_states": {
                "voltages": [
                    0.9999995247842168,
                    1.0124035242549663,
                    1.0809105963928882
                ],
                "line_loading": [
                    1.3364009168028448
                ],
                "transformer_loading": [
                    1.170872801727214
                ]
            }
        },
        {
            "iteration": 1,
            "setpoints": {
                "p": [
                    45750.58151533482
                ],
                "q": [
                    -3296.05364273352
                ]
            },
            "network_states": {
                "voltages": [
                    0.9999994232260889,
                    1.0023593344803978,
                    1.0484024488116575
                ],
                "line_loading": [
                    0.9951264136515828
                ],
                "transformer_loading": [
                    0.8617282847379966
                ]
            }
        },
        {
            "iteration": 2,
            "setpoints": {
                "p": [
                    46008.099577767
                ],
                "q": [
                    -2943.610865846241
                ]
            },
            "network_states": {
                "voltages": [
                    0.9999994571410447,
                    1.0033033694490643,
                    1.050090360762961
                ],
                "line_loading": [
                    0.9991663888176994
                ],
                "transformer_loading": [
                    0.8661854337934976
                ]
            }
        },
        {
            "iteration": 3,
            "setpoints": {
                "p": [
                    45997.20223175927
                ],
                "q": [
                    -2964.940523817325
                ]
            },
            "network_states": {
                "voltages": [
                    0.9999994550267827,
                    1.0032471949751953,
                    1.0499956213969153
                ],
                "line_loading": [
                    0.9990396809169586
                ],
                "transformer_loading": [
                    0.8660188642758249
                ]
            }
        },
        {
            "iteration": 4,
            "setpoints": {
                "p": [
                    45997.678680074736
                ],
                "q": [
                    -2963.8873720900237
                ]
            },
            "network_states": {
                "voltages": [
                    0.9999994551320364,
                    1.0032499573339397,
                    1.0500002040875658
                ],
                "line_loading": [
                    0.9990443411201518
                ],
                "transformer_loading": [
                    0.8660256896829045
                ]
            }
        },
        {
            "iteration": 5,
            "setpoints": {
                "p": [
                    45997.65727368592
                ],
                "q": [
                    -2963.936801240677
                ]
            },
            "network_states": {
                "voltages": [
                    0.9999994551270831,
                    1.0032498278627122,
                    1.0499999904826396
                ],
                "line_loading": [
                    0.9990441469889854
                ],
                "transformer_loading": [
                    0.8660253908928477
                ]
            }
        },
        {
            "iteration": 6,
            "setpoints": {
                "p": [
                    45997.65824466522
                ],
                "q": [
                    -2963.934522811691
                ]
            },
            "network_states": {
                "voltages": [
                    0.9999994551273119,
                    1.0032498338277336,
                    1.0500000003043315
                ],
                "line_loading": [
                    0.9990441555317835
                ],
                "transformer_loading": [
                    0.866025404309965
                ]
            }
        },
        {
            "iteration": 7,
            "setpoints": {
                "p": [
                    45997.658200462305
                ],
                "q": [
                    -2963.9346271567356
                ]
            },
            "network_states": {
                "voltages": [
                    0.9999994551273013,
                    1.003249833554603,
                    1.049999999854938
                ],
                "line_loading": [
                    0.9990441551473737
                ],
                "transformer_loading": [
                    0.8660254037014834
                ]
            }
        }
    ]
}