{
    "status": "success",
    "metadata": {
        "timestamp": "2025-10-09T18:08:25.474502",
        "iterations": 8
    },
    "optimized_setpoints": {
        "p": [
            45997.65821009309
        ],
        "q": [
            -2963.934590999211
        ]
    },
    "network_states": {
        "voltages": [
            0.9999994551273049,
            1.0032498336481876,
            1.0500000000018501
        ],
        "line_loading": [
            0.9990441551340936
        ],
        "transformer_loading": [
            0.8660254037839326
        ]
    },
    "iterates": [
        {
            "iteration": 1,
            "setpoints": {
                "p": [
                    45750.58151609256
                ],
                "q": [
                    -3296.0536371985545
                ]
            },
            "network_state": {
                "voltages": [
                    0.9999994232260895,
                    1.0023593344946278,
                    1.0484024488330996
                ],
                "line_loading": [
                    0.9951264136295336
                ],
                "transformer_loading": [
                    0.8617282847330906
                ]
            }
        },
        {
            "iteration": 2,
            "setpoints": {
                "p": [
                    46008.09958179181
                ],
                "q": [
                    -2943.6108489679973
                ]
            },
            "network_state": {
                "voltages": [
                    0.9999994571410464,
                    1.0033033694926536,
                    1.0500903608307974
                ],
                "line_loading": [
                    0.9991663887996587
                ],
                "transformer_loading": [
                    0.8661854338215959
                ]
            }
        },
        {
            "iteration": 3,
            "setpoints": {
                "p": [
                    45997.20223763309
                ],
                "q": [
                    -2964.940498038416
                ]
            },
            "network_state": {
                "voltages": [
                    0.9999994550267854,
                    1.0032471950417332,
                    1.0499956215001212
                ],
                "line_loading": [
                    0.9990396808818994
                ],
                "transformer_loading": [
                    0.8660188643121781
                ]
            }
        },
        {
            "iteration": 4,
            "setpoints": {
                "p": [
                    45997.678687930114
                ],
                "q": [
                    -2963.887339946507
                ]
            },
            "network_state": {
                "voltages": [
                    0.9999994551320398,
                    1.003249957417003,
                    1.0500002042170742
                ],
                "line_loading": [
                    0.999044341090151
                ],
                "transformer_loading": [
                    0.8660256897402564
                ]
            }
        },
        {
            "iteration": 5,
            "setpoints": {
                "p": [
                    45997.65728128636
                ],
                "q": [
                    -2963.9367699226223
                ]
            },
            "network_state": {
                "voltages": [
                    0.9999994551270865,
                    1.0032498279436328,
                    1.0499999906087396
                ],
                "line_loading": [
                    0.999044146958382
                ],
                "transformer_loading": [
                    0.866025390947521
                ]
            }
        },
        {
            "iteration": 6,
            "setpoints": {
                "p": [
                    45997.65825228314
                ],
                "q": [
                    -2963.9344914186113
                ]
            },
            "network_state": {
                "voltages": [
                    0.999999455127315,
                    1.0032498339088474,
                    1.0500000004307317
                ],
                "line_loading": [
                    0.9990441555010863
                ],
                "transformer_loading": [
                    0.8660254043647528
                ]
            }
        },
        {
            "iteration": 7,
            "setpoints": {
                "p": [
                    45997.658208087094
                ],
                "q": [
                    -2963.9345957695305
                ]
            },
            "network_state": {
                "voltages": [
                    0.9999994551273045,
                    1.0032498336357036,
                    1.0499999999813283
                ],
                "line_loading": [
                    0.9990441551169027
                ],
                "transformer_loading": [
                    0.8660254037564473
                ]
            }
        },
        {
            "iteration": 8,
            "setpoints": {
                "p": [
                    45997.65821009309
                ],
                "q": [
                    -2963.934590999211
                ]
            },
            "network_state": {
                "voltages": [
                    0.9999994551273049,
                    1.0032498336481876,
                    1.0500000000018501
                ],
                "line_loading": [
                    0.9990441551340936
                ],
                "transformer_loading": [
                    0.8660254037839326
                ]
            }
        }
    ]
}